<fulldata>
    <version>
        <date></date>
        <supportEmail></supportEmail>
        <supportQueue></supportQueue>
        <remoteURL></remoteURL>
    </version>
    <locationList>
        <location>
            <name></name>
            <description></description>
            <latitude></latitude>
            <longitude></longitude>
            <sublocationList>
                <sublocation>
                    <name></name>
                    <description></description>
                    <latitude></latitude>
                    <longitude></longitude>
                </sublocation>
            </sublocationList>
        </location>
    </locationList>
    <scenarios>
        <scenario>
            <name>Emergency Contacts</name>
            <questions>
                <question>
                    <text></text>
                    <number></number>
                </question>
            </questions>
        </scenario>
        <scenario>
            <name>Instructions</name>
            <questions>
                <question>
                    <text></text>
                </question>
            </questions>
        </scenario>
        <scenario>
            <name>Event</name>
            <questions>
                <question>
                    <text>Impacts</text>
                    <instructions>
                        <step></step>
                    </instructions>
                </question>
            </questions>
        </scenario>
    </scenarios>
</fulldata>
